{
  "project_info": {
    "project_number": "644457754098",
    "project_id": "bloodaid-2710",
    "storage_bucket": "bloodaid-2710.firebasestorage.app"
  },
  "client": [
    {
      "client_info": {
        "mobilesdk_app_id": "1:644457754098:android:22567f08e370aac5914f6b",
        "android_client_info": {
          "package_name": "com.example.bloodaid"
        }
      },
      "oauth_client": [],
      "api_key": [
        {
          "current_key": "AIzaSyBJMyHjE0WEdKZHKmh6w7qizm4InDrmhho"
        }
      ],
      "services": {
        "appinvite_service": {
          "other_platform_oauth_client": []
        }
      }
    }
  ],
  "configuration_version": "1"
}